id,link,name
0,https://www.pinterest.de/pin/482940760013352433/,Great Coffee Quotes | ... coffee for you to have a great day with good ...https://www.pinterest.de/pin/482940760013352433/
0,https://www.pinterest.de/barbarajstone3/morning-coffee-with-god/,386 best Morning Coffee with God! images on Pinterest in 2018 | Bible ...https://www.pinterest.de/barbarajstone3/morning-coffee-with-god/
0,https://www.goodmorningquote.com/good-morning-images-with-quotes/,146+ Inspirational Good Morning Images with Quotes - Good Morning ...https://www.goodmorningquote.com/good-morning-images-with...
0,https://www.goodreads.com/quotes/tag/morning,Morning Quotes (397 quotes) - Goodreadshttps://www.goodreads.com/quotes/tag/morning
0,https://unlockingthebible.org/2017/05/21-bible-verses-about-joy/,21 Bible Verses About Joy | Unlocking the Biblehttps://unlockingthebible.org/2017/05/21-bible-verses-about-joy/
0,http://www.jousterfanfare.nl/tpbwwor2/aoeeifj.php?tyktyks=good-morning-prayer-for-a-friend,Good morning prayer for a friend - Jouster Fanfarewww.jousterfanfare.nl/tpbwwor2/aoeeifj.php?...good-morning...
0,http://www.quotegarden.com/coffee.html,"Coffee Quotes, Sayings about Caffeine - The Quote Gardenwww.quotegarden.com/coffee.html"
0,https://www.crosswalk.com/faith/prayer/prayers/a-prayer-for-a-new-day.html,A Prayer for a New Day - Crosswalk.comhttps://www.crosswalk.com/faith/.../a-prayer-for-a-new-day.html
0,https://christianstt.com/morning-prayer-praise-blessings/,Morning Prayer of Praise and For The Lord's Blessings - ChristiansTThttps://christianstt.com › DAILY PRAYERS › Morning Prayers
id,link,name
1,https://www.goodreads.com/author/quotes/91281.Matthew_Henry,Matthew Henry Quotes (Author of Matthew Henry's Commentary on ...https://www.goodreads.com/author/quotes/91281.Matthew_Henry
1,https://en.wikiquote.org/wiki/Matthew_Henry,Matthew Henry - Wikiquotehttps://en.wikiquote.org/wiki/Matthew_Henry
1,https://www.biblegateway.com/resources/matthew-henry/Gen.2.21-Gen.2.25,Verses 21–25 - Matthew Henry's Commentary - Bible Gatewayhttps://www.biblegateway.com/resources/.../Gen.2.21-Gen.2.25
1,https://sharperiron.org/famous-observation-regarding-creation-of-eve,A Famous Observation Regarding the Creation of Eve | SHARPER IRONhttps://sharperiron.org/famous-observation-regarding-creation-of...
1,https://en.wikipedia.org/wiki/Matthew_Henry,Matthew Henry - Wikipediahttps://en.wikipedia.org/wiki/Matthew_Henry
1,https://biblehub.com/commentaries/genesis/2-22.htm,Genesis 2:22 Commentaries: The LORD God fashioned into a woman ...https://biblehub.com/commentaries/genesis/2-22.htm
1,https://biblehub.com/genesis/2-22.htm,Genesis 2:22 And from the rib that the LORD God had taken from the ...https://biblehub.com/genesis/2-22.htm
1,https://journalynne.wordpress.com/2006/10/11/why-god-created-woman-from-mans-rib/,"*Why God Created Woman from Man's Rib* | In Him, Hope Aboundshttps://journalynne.wordpress.com/.../why-god-created-woman-fr..."
1,https://reformedspirit.blogspot.com/2016/12/women-were-created-from-rib-of-man-to.html,"Women were created from the rib of man to be beside him, not from his ...https://reformedspirit.blogspot.com/.../women-were-created-from..."
id,link,name
2,https://genius.com/Lady-gaga-so-happy-i-could-die-lyrics,Lady Gaga – So Happy I Could Die Lyrics | Genius Lyrics
2,https://www.songtexte.com/songtext/lady-gaga/so-happy-i-could-die-53e6d325.html,Songtext von Lady Gaga - So Happy I Could Die Lyrics
2,https://songmeanings.com/songs/view/3530822107858805480/,Lady GaGa - So Happy I Could Die Lyrics | SongMeanings
2,http://www.metrolyrics.com/so-happy-i-could-die-lyrics-lady-gaga.html,Lady GaGa - So Happy I Could Die Lyrics | MetroLyrics
2,https://www.lyricsfreak.com/l/lady+gaga/so+happy+i+could+die_20454530.html,So Happy I Could Die lyrics - Lady Gaga original song - full version ...
2,https://www.azlyrics.com/lyrics/ladygaga/sohappyicoulddie.html,Lady Gaga - So Happy I Could Die Lyrics | AZLyrics.com
2,https://www.vagalume.com.br/lady-gaga/so-happy-i-could-die.html,So Happy I Could Die - Lady Gaga - VAGALUME
2,"https://www.paroles-musique.com/eng/Lady_Gaga-So_Happy_I_Could_Die-lyrics,p74211",Lady Gaga So Happy I Could Die lyrics - music
2,http://www.deezer.com/track/17608372,So Happy I Could Die - The Fame Monster - Lady GaGa - Deezer
